GDC_EMR,GDC_EMR,new
GDC_EMR,GDC_EMR_BKC06,active
GDC_EMR,GDC_EMR_BKC06-Prod,active
GDC_EMR,GDC_EMR_BKC07,active
GDC_EMR,GDC_EMR_BKC07-Prod,active
GDC_EMR,GDC_EMR_BKC08,active
GDC_EMR,GDC_EMR_BKC08-Prod,active
GDC_EMR,GDC_EMR_BKC09,active
GDC_EMR,GDC_EMR_BKC09-Prod,active
GDC_EMR,GDC_EMR_BKC10,active
GDC_EMR,GDC_EMR_BKC10-Prod,active
GDC_EMR,GDC_EMR_BKC11,active
GDC_EMR,GDC_EMR_BKC11-Prod,active
GDC_EMR,GDC_EMR_BKC12,active
GDC_EMR,GDC_EMR_BKC12-Orange,active
GDC_EMR,GDC_EMR_BKC12-Prod,active
GDC_EMR,GDC_EMR_BKC13,active
GDC_EMR,GDC_EMR_BKC13-Prod,active
GDC_EMR,GDC_EMR_BKC14,active
GDC_EMR,GDC_EMR_BKC14-Prod,active
GDC_EMR,GDC_EMR_BKC15,active
GDC_EMR,GDC_EMR_BKC15-Prod,active
GDC_EMR,GDC_EMR_BKC16,active
GDC_EMR,GDC_EMR_BKC16-Custom,active
GDC_EMR,GDC_EMR_BKC16-Prod,active
GDC_EMR,GDC_EMR_BKC17,active
GDC_EMR,GDC_EMR_BKC17-Prod,active
